{
  "Ansi 5 Color" : {
    "Red Component" : 0.78039216995239258,
    "Color Space" : "sRGB",
    "Blue Component" : 0.91764706373214722,
    "Alpha Component" : 1,
    "Green Component" : 0.57254904508590698
  },
  "Tags" : [

  ],
  "Ansi 12 Color" : {
    "Red Component" : 0.21806642413139343,
    "Color Space" : "sRGB",
    "Blue Component" : 0.999664306640625,
    "Alpha Component" : 1,
    "Green Component" : 0.55522632598876953
  },
  "Custom Directory" : "No",
  "Draw Powerline Glyphs" : true,
  "Bold Color" : {
    "Red Component" : 0.93333333730697632,
    "Color Space" : "sRGB",
    "Blue Component" : 0.93333333730697632,
    "Alpha Component" : 1,
    "Green Component" : 0.93333333730697632
  },
  "Ansi 7 Color" : {
    "Red Component" : 0.085974723100662231,
    "Color Space" : "sRGB",
    "Blue Component" : 0.63606619834899902,
    "Alpha Component" : 1,
    "Green Component" : 0.991455078125
  },
  "Ansi 8 Color" : {
    "Red Component" : 0.38642877340316772,
    "Color Space" : "sRGB",
    "Blue Component" : 0.426361083984375,
    "Alpha Component" : 1,
    "Green Component" : 0.4084809422492981
  },
  "Ansi 9 Color" : {
    "Red Component" : 1,
    "Color Space" : "sRGB",
    "Blue Component" : 0.69156563282012939,
    "Alpha Component" : 1,
    "Green Component" : 0.330322265625
  },
  "Rows" : 25,
  "Default Bookmark" : "No",
  "Link Color" : {
    "Red Component" : 0.54852491617202759,
    "Color Space" : "sRGB",
    "Blue Component" : 0.987884521484375,
    "Alpha Component" : 1,
    "Green Component" : 0.65922969579696655
  },
  "Transparency" : 0,
  "Movement Keys Scroll Outside Interactive Apps" : true,
  "Cursor Guide Color" : {
    "Red Component" : 0.70213186740875244,
    "Color Space" : "sRGB",
    "Blue Component" : 1,
    "Alpha Component" : 0.25,
    "Green Component" : 0.9268307089805603
  },
  "Non-ASCII Anti Aliased" : true,
  "Use Bright Bold" : true,
  "Ansi 10 Color" : {
    "Red Component" : 0.453125,
    "Color Space" : "sRGB",
    "Blue Component" : 0.8482658863067627,
    "Alpha Component" : 1,
    "Green Component" : 1
  },
  "Ambiguous Double Width" : false,
  "Jobs to Ignore" : [
    "rlogin",
    "ssh",
    "slogin",
    "telnet"
  ],
  "Ansi 15 Color" : {
    "Red Component" : 0.37535831332206726,
    "Color Space" : "sRGB",
    "Blue Component" : 0.74784088134765625,
    "Alpha Component" : 1,
    "Green Component" : 0.985595703125
  },
  "Foreground Color" : {
    "Red Component" : 0.92460542917251587,
    "Color Space" : "sRGB",
    "Blue Component" : 0.958740234375,
    "Alpha Component" : 1,
    "Green Component" : 0.86991167068481445
  },
  "Working Directory" : "\/Users\/plampropoulo",
  "Use Tab Color" : false,
  "Blinking Cursor" : true,
  "Disable Window Resizing" : true,
  "Sync Title" : false,
  "Prompt Before Closing 2" : false,
  "BM Growl" : true,
  "Mouse Reporting" : true,
  "Command" : "",
  "Description" : "Default",
  "Screen" : -1,
  "Selection Color" : {
    "Red Component" : 0.21960784494876862,
    "Color Space" : "sRGB",
    "Blue Component" : 0.61176472902297974,
    "Alpha Component" : 1,
    "Green Component" : 1
  },
  "Initial Use Transparency" : false,
  "Columns" : 80,
  "Idle Code" : 0,
  "Ansi 13 Color" : {
    "Red Component" : 0.68235296010971069,
    "Color Space" : "sRGB",
    "Blue Component" : 1,
    "Alpha Component" : 1,
    "Green Component" : 0.5058823823928833
  },
  "Brighten Bold Text" : false,
  "Custom Command" : "No",
  "ASCII Anti Aliased" : true,
  "Application Keypad Allowed" : false,
  "Non Ascii Font" : "Monaco 12",
  "Vertical Spacing" : 1,
  "Use Bold Font" : true,
  "Option Key Sends" : 0,
  "Selected Text Color" : {
    "Red Component" : 0,
    "Color Space" : "sRGB",
    "Blue Component" : 0,
    "Alpha Component" : 1,
    "Green Component" : 0
  },
  "Background Color" : {
    "Red Component" : 0.0050667347386479378,
    "Color Space" : "sRGB",
    "Blue Component" : 0.09246826171875,
    "Alpha Component" : 1,
    "Green Component" : 0.046817716211080551
  },
  "Character Encoding" : 4,
  "Ansi 11 Color" : {
    "Red Component" : 0.989105224609375,
    "Color Space" : "sRGB",
    "Blue Component" : 0.6808851957321167,
    "Alpha Component" : 1,
    "Green Component" : 0.95934605598449707
  },
  "Use Italic Font" : true,
  "Unlimited Scrollback" : true,
  "Keyboard Map" : {
    "0xf712-0x40000" : {
      "Action" : 10,
      "Text" : "[28;5~"
    },
    "0xf70b-0x40000" : {
      "Action" : 10,
      "Text" : "[19;5~"
    },
    "0xf70d-0x20000" : {
      "Action" : 10,
      "Text" : "[21;2~"
    },
    "0xf706-0x40000" : {
      "Action" : 10,
      "Text" : "[1;5R"
    },
    "0xf708-0x20000" : {
      "Action" : 10,
      "Text" : "[15;2~"
    },
    "0x33-0x40000" : {
      "Action" : 11,
      "Text" : "0x1b"
    },
    "0xf703-0x260000" : {
      "Action" : 10,
      "Text" : "[1;6C"
    },
    "0xf729-0x20000" : {
      "Action" : 10,
      "Text" : "[1;2H"
    },
    "0xf70f-0x40000" : {
      "Action" : 10,
      "Text" : "[24;5~"
    },
    "0xf702-0x260000" : {
      "Action" : 10,
      "Text" : "[1;6D"
    },
    "0xf711-0x40000" : {
      "Action" : 10,
      "Text" : "[26;5~"
    },
    "0x38-0x40000" : {
      "Action" : 11,
      "Text" : "0x7f"
    },
    "0xf70a-0x40000" : {
      "Action" : 10,
      "Text" : "[18;5~"
    },
    "0xf72b-0x40000" : {
      "Action" : 10,
      "Text" : "[1;5F"
    },
    "0xf70c-0x20000" : {
      "Action" : 10,
      "Text" : "[20;2~"
    },
    "0xf705-0x40000" : {
      "Action" : 10,
      "Text" : "[1;5Q"
    },
    "0xf701-0x260000" : {
      "Action" : 10,
      "Text" : "[1;6B"
    },
    "0x32-0x40000" : {
      "Action" : 11,
      "Text" : "0x00"
    },
    "0xf707-0x20000" : {
      "Action" : 10,
      "Text" : "[1;2S"
    },
    "0xf703-0x240000" : {
      "Action" : 10,
      "Text" : "[1;5C"
    },
    "0xf700-0x260000" : {
      "Action" : 10,
      "Text" : "[1;6A"
    },
    "0xf702-0x240000" : {
      "Action" : 10,
      "Text" : "[1;5D"
    },
    "0x37-0x40000" : {
      "Action" : 11,
      "Text" : "0x1f"
    },
    "0xf70e-0x40000" : {
      "Action" : 10,
      "Text" : "[23;5~"
    },
    "0xf710-0x40000" : {
      "Action" : 10,
      "Text" : "[25;5~"
    },
    "0x3-0x200000" : {
      "Action" : 11,
      "Text" : "0xd"
    },
    "0xf709-0x40000" : {
      "Action" : 10,
      "Text" : "[17;5~"
    },
    "0xf701-0x240000" : {
      "Action" : 10,
      "Text" : "[1;5B"
    },
    "0xf70b-0x20000" : {
      "Action" : 10,
      "Text" : "[19;2~"
    },
    "0xf703-0x220000" : {
      "Action" : 10,
      "Text" : "[1;2C"
    },
    "0xf704-0x40000" : {
      "Action" : 10,
      "Text" : "[1;5P"
    },
    "0xf739-0x0" : {
      "Action" : 13,
      "Text" : ""
    },
    "0xf706-0x20000" : {
      "Action" : 10,
      "Text" : "[1;2R"
    },
    "0xf700-0x240000" : {
      "Action" : 10,
      "Text" : "[1;5A"
    },
    "0xf702-0x220000" : {
      "Action" : 10,
      "Text" : "[1;2D"
    },
    "0x36-0x40000" : {
      "Action" : 11,
      "Text" : "0x1e"
    },
    "0xf70d-0x40000" : {
      "Action" : 10,
      "Text" : "[21;5~"
    },
    "0xf70f-0x20000" : {
      "Action" : 10,
      "Text" : "[24;2~"
    },
    "0xf701-0x220000" : {
      "Action" : 10,
      "Text" : "[1;2B"
    },
    "0xf708-0x40000" : {
      "Action" : 10,
      "Text" : "[15;5~"
    },
    "0xf70a-0x20000" : {
      "Action" : 10,
      "Text" : "[18;2~"
    },
    "0xf729-0x40000" : {
      "Action" : 10,
      "Text" : "[1;5H"
    },
    "0xf72b-0x20000" : {
      "Action" : 10,
      "Text" : "[1;2F"
    },
    "0xf700-0x220000" : {
      "Action" : 10,
      "Text" : "[1;2A"
    },
    "0x30-0x200000" : {
      "Action" : 12,
      "Text" : "0"
    },
    "0xf705-0x20000" : {
      "Action" : 10,
      "Text" : "[1;2Q"
    },
    "0x31-0x200000" : {
      "Action" : 12,
      "Text" : "1"
    },
    "0x33-0x200000" : {
      "Action" : 12,
      "Text" : "3"
    },